<AUTORIZACION>
<CAF version="1.0">
<DA>
<RE>78274225-6</RE>
<RS>AKIBARA SPA</RS>
<TD>39</TD>
<RNG>
<D>1889</D>
<H>1988</H>
</RNG>
<FA>2025-11-16</FA>
<RSAPK>
<M>
vuig3KwUqsOgzomk14CYea3ztl+gxk1ho75c8Zyq2h6DFgaAJkX3N3Vmt1H8tW7Ny+w4K8PBKRo93r743y3d7w==
</M>
<E>Aw==</E>
</RSAPK>
<IDK>100</IDK>
</DA>
<FRMA algoritmo="SHA1withRSA">
fLdOaxvGgowB+6i7o5fOsbx/KNdXS4BV2KyW6FZcLKHN841FeN4DVzldHZpDtYeYOif7GozwoKX4eScg3hmi0g==
</FRMA>
</CAF>
<RSASK>
-----BEGIN RSA PRIVATE KEY----- MIIBOgIBAAJBAL7ooNysFKrDoM6JpNeAmHmt87ZfoMZNYaO+XPGcqtoegxYGgCZF 9zd1ZrdR/LVuzcvsOCvDwSkaPd6++N8t3e8CAQMCQH9FwJMdYxyCazRbwzpVuvvJ TSQ/wIQzlm0pk0u9xzwTLvST7tdK4n15zJ1UJgZoViYBFGMbAF5ZutvUDjklgisC IQD16lZECc9askmnYJsAhfzGbSW9vlI6m8Gs0cdo+AQlYQIhAMa80lXZhkjI9Qxq uMMl1YYlxNvYyQX/0fjDOXqRcXVPAiEAo/GO2AaKPHbbxOsSAFlTLvNufn7hfGfW czaE8KVYGOsCIQCEfeGOkQQwhfiy8dCCGTkEGS3n5dtZVTal13unC6D43wIhAOZm N7279qZuN5kIRjKYw1PX9I+Mgm3sXxrf8bztfX3Z -----END RSA PRIVATE KEY-----
</RSASK>
<RSAPUBK>
-----BEGIN PUBLIC KEY----- MFowDQYJKoZIhvcNAQEBBQADSQAwRgJBAL7ooNysFKrDoM6JpNeAmHmt87ZfoMZN YaO+XPGcqtoegxYGgCZF9zd1ZrdR/LVuzcvsOCvDwSkaPd6++N8t3e8CAQM= -----END PUBLIC KEY-----
</RSAPUBK>
</AUTORIZACION>
